title,artist,url,genre,language,year
Choo Lo,The Local Train,https://youtube.com/watch?v=uB5bf7LQPVU,Indie Rock,Hindi,2015
Giant,Rag'n'Bone Man,https://youtube.com/watch?v=ir6nk2zrMG0,Pop,English,2019
Raging,Kodaline,https://www.youtube.com/watch?v=ZWyktWYW3ZM,Alternative Rock,English,2016
Stay Together for the Kids,blink182,https://youtu.be/k1BFHYtZlAU?si=UMvC3C0LGPAKy93,Punk Rock,English,2001
Oh Devil,Electronic Guest,https://youtu.be/1H7NKHrV4_w?si=b7ryQPwD8VPd88Ix,Indie Pop,English,2012
On Melancholy Hill,Gorillaz,https://youtu.be/04mfKJWDSzI?si=nauqFfV4qZp0GxxR,Alternative,English,2010
Tokyo Nights,Digital Farm Animals,https://youtu.be/T692utQOQvI?si=zZaS3e6E2bbQ6o1f,Dance Pop,English,2019
OK Not To Be OK,Marshmello,https://youtu.be/wAPlzt2L7wE?si=8NsFL2HvpKtgiLH0,Pop,English,2020
Noor,Lost Stories,https://youtu.be/f-CBG061wJ8?si=JP0P5Yw506C5UNOB,Electronic,Hindi,2021
Manmohana,Moksher,https://youtu.be/XiDiTsIxjsE?si=58w9Y3CRDEfIYpLE,Indie Folk,Hindi,2024
Latthey Di Chaadar,Coke Studio,https://youtu.be/SCOKysMnH50?si=Ln_vSEa8dJaD4sUV,Folk,Punjabi,2016
Firestone,Kygo,https://youtu.be/9Sc-ir2UwGU?si=JVi0yfKdNGWLYZKv,Tropical House,English,2014
Stereo Hearts (feat. Adam Levine),Gym Class Heroes,https://www.youtube.com/watch?v=SiRJw4f_ufc,,,2017
Sunny Days,Armin van Buuren,https://www.youtube.com/watch?v=ST5wvpe6i80,,,2017
Are You With Me,Lost Frequencies,https://www.youtube.com/watch?v=iAvqCtaUx3Q,,,2020
Reality (feat. Janieck Devy),Lost Frequencies,https://www.youtube.com/watch?v=7vLbNF0dZGA,,,2019
What Lovers Do,Maroon 5,https://www.youtube.com/watch?v=0siKyXL_h08,,,2018
Wait,Maroon 5,https://www.youtube.com/watch?v=EH5nS7c88ZU,,,2018
Lips On You,Maroon 5,https://www.youtube.com/watch?v=JXQHqzreUmY,,,2018
I Took A Pill In Ibiza (Seeb Remix),Mike Posner,https://www.youtube.com/watch?v=Ah0srVZq9ac,,,2018
Let Me Go,Hailee Steinfeld,https://www.youtube.com/watch?v=5yM-6ZwBX-Y,,,2018
Wolves,Selena Gomez & The Scene,https://www.youtube.com/watch?v=3ZJ1PkZt3M8,,,2018
Without You,Avicii,https://www.youtube.com/watch?v=fv7nmDHFRb8,,,2021
Firestone,Kygo,https://www.youtube.com/watch?v=aDPkAK5s30I,,,2017
Meant to Be,Piano Peace,https://www.youtube.com/watch?v=Uyb9DUqHInY,,,2022
Silence,Marshmello,https://www.youtube.com/watch?v=MbT_grBSt38,,,2017
Stargazing,Kygo,https://www.youtube.com/watch?v=UrJRHUhAQNA,,,2017
How Long,Charlie Puth,https://www.youtube.com/watch?v=7Ms6AnGSB_A,,,2017
The Middle,Zedd,https://www.youtube.com/watch?v=rYPQtWOcGmQ,,,2018
I Like Me Better,Lauv,https://www.youtube.com/watch?v=gd9tsqCu3MQ,,,2017
Stranger Things,Kygo,https://www.youtube.com/watch?v=JI7zBB_valo,,,2017
Back to You,Louis Tomlinson,https://www.youtube.com/watch?v=4shkZqdB5GY,,,2017
Him & I,G-Eazy,https://www.youtube.com/watch?v=NdSJ1pyaAH8,,,2017
So Far Away,Martin Garrix,https://www.youtube.com/watch?v=DiTBXQXjZ0M,,,2017
Kids in Love,Kygo,https://www.youtube.com/watch?v=JBD5LGyI2E4,,,2017
Sorry Not Sorry,Demi Lovato,https://www.youtube.com/watch?v=FxX_Ccv7LdI,,,2021
More Than You Know,Axwell,https://www.youtube.com/watch?v=Rs1HqzgM-q8,,,2018
There for You,Martin Garrix,https://www.youtube.com/watch?v=fH1PcHx2kPY,,,2017
Thunder,Imagine Dragons,https://www.youtube.com/watch?v=9ssQKlLxBdQ,,,2018
Pray For Me,The Weeknd,https://www.youtube.com/watch?v=FL-0pJsDz7k,,,2018
You Owe Me,The Chainsmokers,https://www.youtube.com/watch?v=3h1m6cTCNuo,,,2018
Complicated,Like Mike,https://www.youtube.com/watch?v=sWwMulKE2FI,,,2017
Attention,Charlie Puth,https://www.youtube.com/watch?v=vxUBYHz_q1I,,,2017
Feels,Calvin Harris,https://www.youtube.com/watch?v=fqqcXP1D0Fw,,,2017
Symphony,Clean Bandit,https://www.youtube.com/watch?v=-SttFgyRNCI,,,2018
Dreamer,Axwell,https://www.youtube.com/watch?v=rWhpWhDEIjU,,,2018
Sunrise,Kygo,https://www.youtube.com/watch?v=ZV3VuB9WfYU,,,2017
This Town,Kygo,https://www.youtube.com/watch?v=gvwH4Q8Aifs,,,2017
The One,The Chainsmokers,https://www.youtube.com/watch?v=05MUaK78T-k,,,2017
Walking The Wire,Imagine Dragons,https://www.youtube.com/watch?v=oB8nNlBkcEo,,,2018
Just Hold On,Steve Aoki,https://www.youtube.com/watch?v=3pQLMqRn_pw,,,2018
Rollin,Calvin Harris,https://www.youtube.com/watch?v=Hz-xwToiHa4,,,2017
1000 Nights,Frenship,https://www.youtube.com/watch?v=TX0s_wRsoUM,,,2017
Capsize,Frenship,https://www.youtube.com/watch?v=Win3Uuzfde8,,,2017
The Ocean,Mike Perry,https://www.youtube.com/watch?v=OFiBWFtbH-w,,,2016
7 Years,Lukas Graham,https://www.youtube.com/watch?v=vTMAa6zZ7jY,,,2017
Hymn for the Weekend (Seeb Remix),Coldplay,https://www.youtube.com/watch?v=qLboqerzUzI,,,2017
Stay,Kygo,https://www.youtube.com/watch?v=cfix_Ttek24,,,2017
Ride,Twenty One Pilots,https://www.youtube.com/watch?v=w1Smzzw_w7Q,,,2017
Pompeii,Bastille,https://www.youtube.com/watch?v=_kmgAqiF4Sg,,,2017
Helium,Sia,https://www.youtube.com/watch?v=CbHA7LOSpB4,,,2018
Lonely Together,Avicii,https://www.youtube.com/watch?v=rFtrb2NzjAk,,,2018
1-800-273-8255,Logic,https://www.youtube.com/watch?v=GaFoS-Kza8U,,,2019
No Promises (feat. Demi Lovato),Cheat Codes,https://www.youtube.com/watch?v=8dwSKcSbvAU,,,2017
Young,The Chainsmokers,https://www.youtube.com/watch?v=0I_f59ZLmYY,,,2017
All The Stars,Kendrick Lamar,https://www.youtube.com/watch?v=vdXsLt0o_9g,,,2018
Just One Last Time,David Guetta,https://www.youtube.com/watch?v=-VlT_j9_aw0,,,2015
She Wolf (Falling to Pieces),David Guetta,https://www.youtube.com/watch?v=BMJLSdM5vho,,,2017
Cooler Than Me,Mike Posner,https://www.youtube.com/watch?v=Bsr8hb3TPBI,,,2017
Rich Love,OneRepublic,https://www.youtube.com/watch?v=UM4n3jTu6Q4,,,2018
I Miss You (feat. Julia Michaels),Clean Bandit,https://www.youtube.com/watch?v=3FVKcxX80Co,,,2018
The Spectre,Alan Walker,https://www.youtube.com/watch?v=lNM9HlEK4q4,,,2017
First Time,Kygo,https://www.youtube.com/watch?v=X_e6dmRMR1o,,,2017
OK,Robin Schulz,https://www.youtube.com/watch?v=Sdt_2erAzSo,,,2021
Sinnerman,Nina Simone,https://www.youtube.com/watch?v=3KyUicgOm74,,,2018
Kids,OneRepublic,https://www.youtube.com/watch?v=UIbYU3xKYQk,,,2021
Street Life (Single Edit),The Crusaders,https://www.youtube.com/watch?v=P3baxfCo040,,,2018
Gravity,Timeflies,https://www.youtube.com/watch?v=WvuJnlpNBVs,,,2018
Magic Works,Release,https://www.youtube.com/watch?v=9CdK5jiVmbg,,,2017
Hold On,Jet,https://www.youtube.com/watch?v=g6qZ86BdVOo,,,2019
Remind Me to Forget,Kygo,https://www.youtube.com/watch?v=FGSTRog9TOU,,,2018
Midnight (Kygo Remix),Coldplay,https://www.youtube.com/watch?v=9gLlQpYWUD4,,,2017
Bad Things,mgk,https://www.youtube.com/watch?v=oYvtDpsE7Nk,,,2018
Let Her Go,Passenger,https://www.youtube.com/watch?v=6bGmUTAfh-A,,,2021
Fly (ft. Leah Culver),Marshmello,https://www.youtube.com/watch?v=oxmF4bULw8U,,,2018
One Kiss,Calvin Harris,https://www.youtube.com/watch?v=XWCPbRsMb0Q,,,2018
Free to Be,Philip Michael,https://www.youtube.com/watch?v=G27zyEPdFGA,,,2015
Flames,David Guetta,https://www.youtube.com/watch?v=9neTLW-dIeY,,,2018
Too Good At Goodbyes (Galantis Remix),Sam Smith,https://www.youtube.com/watch?v=7aynOb7dxbQ,,,2020
I Wanna Know,Alesso,https://www.youtube.com/watch?v=JiY6QGCJzNc,,,2018
Step by Step,Slushii,https://www.youtube.com/watch?v=KbRSuLdcrKI,,,2017
Hung Up,Hot Chelle Rae,https://www.youtube.com/watch?v=vZBgmbqclr8,,,2015
All I Can Think About Is You,Coldplay,https://www.youtube.com/watch?v=MtyNoff3e48,,,2017
Better Not,Louis The Child,https://www.youtube.com/watch?v=GX6zhFO4xdQ,,,2018
Cruise (Remix),Florida Georgia Line,https://www.youtube.com/watch?v=U0xxuqqtxKM,,,2020
Car Crash,Matt Nathanson,https://www.youtube.com/watch?v=QCfh82jBIh8,,,2015
Therapy,Armin van Buuren,https://www.youtube.com/watch?v=KqkXcRZpxF0,,,2019
Don't You Worry Child (Radio Edit),Swedish House Mafia,https://www.youtube.com/watch?v=3mWbRB3Y4R8,,,2017
Hooked On A Feeling,Blue Swede,https://www.youtube.com/watch?v=Tm8vMSpVpuc,,,2019
Escape (The Pina Colada Song),Rupert Holmes,https://www.youtube.com/watch?v=FXG_I_tf_i4,,,2018
Fooled Around And Fell In Love,Elvin Bishop,https://www.youtube.com/watch?v=JmKfP6DzzuU,,,2018
If You Leave Me Now (2012 Remaster),Chicago,https://www.youtube.com/watch?v=rPWpLYgGW8A,,,2017
You Make My Dreams (Come True),Hall & Oates,https://www.youtube.com/watch?v=kY27wmTZwyg,,,2014
Cold Water,Major Lazer,https://www.youtube.com/watch?v=VdygQmz4v6o,,,2018
Digital Love,Daft Punk,https://www.youtube.com/watch?v=Smi8vAbm_8o,,,2014
The Sweet Escape,Gwen Stefani,https://www.youtube.com/watch?v=PINGWq6L_Lw,,,2018
Boomerang,DJ Felli Fel,https://www.youtube.com/watch?v=SZO-WQQXqkw,,,2017
On & On,CARTOON,https://www.youtube.com/watch?v=TFYmUz_prtI,,,2015
Greenlight,Pitbull,https://www.youtube.com/watch?v=4VUgsULQ7ZA,,,2016
My Way,Calvin Harris,https://www.youtube.com/watch?v=aTEa2CgmsMA,,,2018
Pretty Girl (Cheat Codes x CADE Remix),Maggie Lindemann,https://www.youtube.com/watch?v=iE1Xc66FRGo,,,2017
rockstar,Post Malone,https://www.youtube.com/watch?v=AaxFIY-cWH0,,,2018
Beautiful Now,Zedd,https://www.youtube.com/watch?v=67_ZA1zLlXA,,,2018
Come and Get Your Love,Redbone,https://www.youtube.com/watch?v=qMVcaee-l9o,,,2015
Only Love,Ben Howard,https://www.youtube.com/watch?v=mVgAW3_DXdk,,,2018
What Goes Around...Comes Around,Justin Timberlake,https://www.youtube.com/watch?v=qKBMyal0ILA,,,2017
Fire,Poets Of The Fall,https://www.youtube.com/watch?v=oXi2hkU0EaU,,,2014
Roses,Poets Of The Fall,https://www.youtube.com/watch?v=UdNiO3MY0wE,,,2014
Carnival of Rust,Poets Of The Fall,https://www.youtube.com/watch?v=TyX0q0aU6_g,,,2015
CASTLE OF GLASS,Linkin Park,https://www.youtube.com/watch?v=x2umzqh8r4g,,,2015
Lighters,Bad Meets Evil,https://www.youtube.com/watch?v=qJHiMGomJ_A,,,2018
Fast Lane,Bad Meets Evil,https://www.youtube.com/watch?v=OFlQvbKE49U,,,2018
Mind (feat. Kai),Jack Ãœ,https://www.youtube.com/watch?v=U_h1NScp1_o,,,2017
Setting Fires,The Chainsmokers,https://www.youtube.com/watch?v=hXm1DpOcVhU,,,2016
Outside,Calvin Harris,https://www.youtube.com/watch?v=lMQH_xmx1zE,,,2017
No Love,Eminem,https://www.youtube.com/watch?v=i4CaamMGj9s,,,2018
Take on Me,a-ha,https://www.youtube.com/watch?v=WC2TWAmw2FM,,,2016
Hall of Fame,The Script,https://www.youtube.com/watch?v=ds6o9in_y-o,,,2014
Immigrant Song (Remaster),Led Zeppelin,https://www.youtube.com/watch?v=y8OtzJtp-EM,,,2017
I Want You To Know,Zedd,https://www.youtube.com/watch?v=7NMrrRQqzN0,,,2018
Roses,The Chainsmokers,https://www.youtube.com/watch?v=TfdFUMxRzqU,,,2017
Grenade,Bruno Mars,https://www.youtube.com/watch?v=Hi7HSTqb6wY,,,2017
Nothin' on You (feat. Bruno Mars),B.O.B,https://www.youtube.com/watch?v=szydmLOvMEQ,,,2017
Uptown Funk,Mark Ronson,https://www.youtube.com/watch?v=tYvFa2ARD24,,,2017
Love Somebody,Maroon 5,https://www.youtube.com/watch?v=yIhO3nZqrTs,,,2018
Infatuation,Maroon 5,https://www.youtube.com/watch?v=U4nJu4kd7DU,,,2018
Too Good At Goodbyes,Sam Smith,https://www.youtube.com/watch?v=8dFDjuCTZMo,,,2020
Hips Don't Lie,Shakira,https://www.youtube.com/watch?v=gnUDvKEdke8,,,2015
Demons,Imagine Dragons,https://www.youtube.com/watch?v=y4FiCl-tUJc,,,2018
Just Give Me a Reason,P!nk,https://www.youtube.com/watch?v=a1pWN2ixeVY,,,2015
French Kiss,Akcent,https://www.youtube.com/watch?v=oOsADXbqEoA,,,2019
Blue (Da Ba Dee) (Video Edit),Eiffel 65,https://www.youtube.com/watch?v=kyzIQKuSqBs,,,2015
Spectrum,Zedd,https://www.youtube.com/watch?v=HfbKF_Jcbhk,,,2018
Waiting For Love,Avicii,https://www.youtube.com/watch?v=iR1sAex__VA,,,2018
Stressed Out,Twenty One Pilots,https://www.youtube.com/watch?v=K1FlAphL2p8,,,2017
Play Hard (feat. Ne-Yo & Akon) (New Edit),David Guetta,https://www.youtube.com/watch?v=a2CTWkTQY6A,,,2016
Something New,Zendaya,https://www.youtube.com/watch?v=XfQOy3iz8bE,,,2018
I Feel It Coming,The Weeknd,https://www.youtube.com/watch?v=qPRNIHxLhmc,,,2018
Come A Little Bit Closer,Jay & The Americans,https://www.youtube.com/watch?v=e3LVGBB94eY,,,2018
Father And Son,Cat Stevens,https://www.youtube.com/watch?v=ZxjTC0bmKls,,,2020
Love Me Harder,Ariana Grande,https://www.youtube.com/watch?v=uvXtC13GlxQ,,,2018
Melody,Lost Frequencies,https://www.youtube.com/watch?v=Rxm5pKd0x1k,,,2020
Lately,Felonious: Onelovehiphop,https://www.youtube.com/watch?v=c6P5vIY_0MI,,,2014
Waiting for the End,Linkin Park,https://www.youtube.com/watch?v=uX4LAuZKX-Y,,,2017
No Way Down,The Shins,https://www.youtube.com/watch?v=3CgzEDV3S0o,,,2015
Til Kingdom Come,Coldplay,https://www.youtube.com/watch?v=E0UN-pVTLf4,,,2015
Coming Home,Diddy - Dirty Money,https://www.youtube.com/watch?v=WLNp0g2GBxQ,,,2018
Like I Did,Shane Harper,https://www.youtube.com/watch?v=B1ws85P3fkY,,,2018
Thief,Ansel Elgort,https://www.youtube.com/watch?v=seByzN5g1-4,,,2018
Everybody Hurts,R.E.M.,https://www.youtube.com/watch?v=j_iIIn3fk9A,,,2020
Dare You to Move,Switchfoot,https://www.youtube.com/watch?v=9VcI-t8rb8c,,,2017
Don't Wanna Cry,Pete Yorn,https://www.youtube.com/watch?v=Qx0KmgSapmk,,,2017
Iris,The Goo Goo Dolls,https://www.youtube.com/watch?v=Dy_eP-mqWow,,,2017
With Or Without You,U2,https://www.youtube.com/watch?v=6Q2mFw4VYBo,,,2018
The World Turned Upside Down,Release,https://www.youtube.com/watch?v=gudxXs85R_w,,,2015
Chasing Cars,Snow Patrol,https://www.youtube.com/watch?v=sgj04v5sDm4,,,2018
How to Save a Life,The Fray,https://www.youtube.com/watch?v=ae7AACP1-R0,,,2015
Slow Dancing in a Burning Room,John Mayer,https://www.youtube.com/watch?v=5MkfBNl_3pw,,,2016
Love Will Keep Us Alive,Release,https://www.youtube.com/watch?v=z-eg8YT9i_w,,,2017
Stand By Me,Ben E. King,https://www.youtube.com/watch?v=b-D5yAAXYng,,,2017
Can't Help Falling In Love,Elvis Presley,https://www.youtube.com/watch?v=TlrNxJqODBc,,,2017
Tears in Heaven,Eric Clapton,https://www.youtube.com/watch?v=aRjxNj-NchU,,,2014
I Will Follow You into the Dark,Death Cab For Cutie,https://www.youtube.com/watch?v=9FhRQt1vm3A,,,2015
Afterglow,INXS,https://www.youtube.com/watch?v=ostTvrCgIRA,,,2017
Hurt,Johnny Cash,https://www.youtube.com/watch?v=gSS2IgnnBo8,,,2018
One Last Breath,Creed,https://www.youtube.com/watch?v=qcX9HNIHwkg,,,2018
Two Steps Behind ,Def Leppard,https://www.youtube.com/watch?v=34_Airw0jYo,,,2021
More Than Words,Extreme,https://www.youtube.com/watch?v=qJRzF52e9tQ,,,2021
The Reason,Hoobastank,https://www.youtube.com/watch?v=qQ0zxuWFxrY,,,2019
Imagine,John Lennon,https://www.youtube.com/watch?v=rAn-AWXtHv0,,,2017
Oh Cecilia (Breaking My Heart),The Vamps,https://www.youtube.com/watch?v=EhTftxiTSG4,,,2018
JAMMU,KSHMR,https://www.youtube.com/watch?v=cRCWxu74UtI,,,2018
Give Me Everything,Pitbull,https://www.youtube.com/watch?v=E2lX1ZovtcA,,,2017
Broken Love,The Him,https://www.youtube.com/watch?v=UMygH95XZqY,,,2018
One More Time,Daft Punk,https://www.youtube.com/watch?v=fa5IWHDbftI,,,2014
Sun Goes Down,David Guetta,https://www.youtube.com/watch?v=wEpYDVMqeHw,,,2017
Guts Over Fear,Eminem,https://www.youtube.com/watch?v=o4GGdF_5kcQ,,,2018
Space Bound,Eminem,https://www.youtube.com/watch?v=BDrG1q-9rTY,,,2018
Rap God,Eminem,https://www.youtube.com/watch?v=MBJFPq2Llps,,,2018
Amnesia,5 Seconds of Summer,https://www.youtube.com/watch?v=7GK8D3IPeCY,,,2018
Instant Crush,Daft Punk,https://www.youtube.com/watch?v=khnokW3Mw24,,,2015
With You,Kygo,https://www.youtube.com/watch?v=F9qQ_HTPH3g,,,2017
Hound Dog,Elvis Presley,https://www.youtube.com/watch?v=VuBDa3SpOL8,,,2017
By Your Side,Jonas Blue,https://www.youtube.com/watch?v=FN01xrY38Zw,,,2018
Stand By You,Rachel Platten,https://www.youtube.com/watch?v=Or2DEll2-V4,,,2017
"Hey, Soul Sister",Train,https://www.youtube.com/watch?v=_2qJy5r-WAY,,,2018
Mine,Bazzi,https://www.youtube.com/watch?v=xzsIhN3mf-E,,,2018
Whistle,Flo Rida,https://www.youtube.com/watch?v=6Y24X4oTQLA,,,2015
The Pied Piper,Crispian St. Peters,https://www.youtube.com/watch?v=RFdSOppmkNw,,,2018
Wildcard,KSHMR,https://www.youtube.com/watch?v=M7WN7rjGYVk,,,2018
Born To Be Yours,Kygo,https://www.youtube.com/watch?v=JqEPzw95ENo,,,2018
Ocean,Martin Garrix,https://www.youtube.com/watch?v=ZURA7fT-ozM,,,2018
Company,Justin Bieber,https://www.youtube.com/watch?v=81oCkIJko5s,,,2018
Indian Summer,Jai Wolf,https://www.youtube.com/watch?v=5UrBzr0IOtY,,,2017
Song in Stone,Iron & Wine,https://www.youtube.com/watch?v=msMwbKMEGn4,,,2019
Human,Rag'n'Bone Man,https://www.youtube.com/watch?v=52vehHn8KfQ,,,2017
Riding Shotgun,Adam Christopher,https://www.youtube.com/watch?v=pWPN1GTCnx4,,,2020
Stole the Show,Kygo,https://www.youtube.com/watch?v=-MxGVSch7EU,,,2015
El Condor Pasa (If I Could),Simon & Garfunkel,https://www.youtube.com/watch?v=Fh_y_ygew0o,,,2017
lovely,Billie Eilish,https://www.youtube.com/watch?v=MMfpp0-lnw4,,,2018
These Days,Rudimental,https://www.youtube.com/watch?v=v9I83RpXZ3o,,,2019
Twinbow,Marshmello,https://www.youtube.com/watch?v=_IS-Tvbvjn0,,,2018
Cheerleader,OMI,https://www.youtube.com/watch?v=alxAO7K2UGk,,,2019
2002,Anne-Marie,https://www.youtube.com/watch?v=ee2mcqcGL_c,,,2018
Drummer Boy,Justin Bieber,https://www.youtube.com/watch?v=8K-sUabVpMw,,,2018
Common Denominator,Justin Bieber,https://www.youtube.com/watch?v=setC_radNOE,,,2018
Eenie Meenie,Sean Kingston,https://www.youtube.com/watch?v=_77XoudfNLM,,,2015
First Dance,Justin Bieber,https://www.youtube.com/watch?v=wpoCGXS9qpA,,,2018
Rewind,Devlin,https://www.youtube.com/watch?v=zESMp06KC5Q,,,2018
It Ain't Me,Kygo,https://www.youtube.com/watch?v=OK848_DSj6k,,,2017
I See You,Kygo,https://www.youtube.com/watch?v=F48nI1BokAo,,,2017
Superheroes,The Script,https://www.youtube.com/watch?v=tmbEePmIFkI,,,2017
Natural,Imagine Dragons,https://www.youtube.com/watch?v=pXu6JC6-d_o,,,2018
Let's Hurt Tonight,OneRepublic,https://www.youtube.com/watch?v=p3CGGj5f_OM,,,2018
Public Enemy,Yellow Claw,https://www.youtube.com/watch?v=8jV9zBO5E60,,,2018
Lay Me Down,Timeflies,https://www.youtube.com/watch?v=pOnsZOn_taU,,,2018
Don't Leave Me Alone,David Guetta,https://www.youtube.com/watch?v=rTa2mtxZZRA,,,2018
Let Me,ZAYN,https://www.youtube.com/watch?v=LcBTGTzlD9I,,,2020
Down,Jay Sean,https://www.youtube.com/watch?v=hInemT7ofII,,,2018
Another Life,AFROJACK,https://www.youtube.com/watch?v=dMKhaxGJ0hA,,,2020
Perdoname,Deorro,https://www.youtube.com/watch?v=ROmShpwBdRk,,,2015
One More Night,Jordan Knight,https://www.youtube.com/watch?v=YFKY1ADGxzQ,,,2014
Best Day Ever,Andy Stokes,https://www.youtube.com/watch?v=l1pH1mVjcSw,,,2018
Habits of My Heart,Jaymes Young,https://www.youtube.com/watch?v=Xm76kpDenRc,,,2014
Stay Together For The Kids,blink-182,https://www.youtube.com/watch?v=516EQmFQTBs,,,2018
When I Grow Up,Like Mike,https://www.youtube.com/watch?v=4_TC_hm5-0A,,,2018
Better Off Alone,Alice DJ,https://www.youtube.com/watch?v=Ck0LO6b6OQc,,,2015
Somebody To You,The Vamps,https://www.youtube.com/watch?v=A4MevL6dvUw,,,2018
Feel It Still,Brothers Page,https://www.youtube.com/watch?v=BFDREz4GZYs,,,2018
When Love Takes Over,David Guetta,https://www.youtube.com/watch?v=zS_O0xHOsGM,,,2019
Happier,Marshmello,https://www.youtube.com/watch?v=QgKYZWRH4DA,,,2018
Sexual Healing (Kygo Remix),Marvin Gaye,https://www.youtube.com/watch?v=UefqMe3-q5k,,,2015
Good Vibes Soldier,KSHMR,https://www.youtube.com/watch?v=Ne0Q8Kaz_6o,,,2018
High On Life,Martin Garrix,https://www.youtube.com/watch?v=K2UAIvQ_lNY,,,2018
Leave a Light On,Tom Walker,https://www.youtube.com/watch?v=-3F3Ev1ln7w,,,2017
Faking It,Lost Stories,https://www.youtube.com/watch?v=f6NhdUxGf5o,,,2019
Ladykiller,Maroon 5,https://www.youtube.com/watch?v=-oQ_XtatZ0U,,,2018
Don't Wanna Know,Maroon 5,https://www.youtube.com/watch?v=WaFD7Gs75hQ,,,2018
Raging,Kygo,https://www.youtube.com/watch?v=EQ2ZAC5cRiM,,,2017
Lotus Eater,Mura Masa,https://www.youtube.com/watch?v=gzGJMtf2Q2M,,,2018
Safe And Sound,Capital Cities,https://www.youtube.com/watch?v=njvA03rMHx4,,,2018
Slushii - To Say Goodbye,Slushii,https://www.youtube.com/watch?v=wE5WpWz1oqI,,,2016
a thousand years,Christina Perri,https://www.youtube.com/watch?v=XeUYMrGmLPw,,,2017
King of Disco,Akcent,https://www.youtube.com/watch?v=PKVg_vKY_-w,,,2020
Feels Like Summer,Childish Gambino,https://www.youtube.com/watch?v=mZVO1CubDIo,,,2018
The Nights,Avicii,https://www.youtube.com/watch?v=IAyMce175O4,,,2022
Love Me Now,John Legend,https://www.youtube.com/watch?v=HbVkqFsHVpQ,,,2017
Battle Symphony,Linkin Park,https://www.youtube.com/watch?v=4XSyasr0w8k,,,2017
Rise,Jonas Blue,https://www.youtube.com/watch?v=lrviWgYgwH0,,,2018
Coming Over,Dillon Francis,https://www.youtube.com/watch?v=Z2RLusDPalw,,,2015
Words,Bee Gees,https://www.youtube.com/watch?v=UmoAMZg8MvI,,,2018
One Call Away,Charlie Puth,https://www.youtube.com/watch?v=7pFXFu59iNw,,,2017
Taki Taki,DJ Snake,https://www.youtube.com/watch?v=iH3uetMaaUc,,,2020
But I Do,Keith & Renee,https://www.youtube.com/watch?v=niUxvsptUyo,,,2015
Beautiful,Bazzi,https://www.youtube.com/watch?v=eOcHJ0GrOuU,,,2017
It's Time,Imagine Dragons,https://www.youtube.com/watch?v=l9EhLOvxUSI,,,2021
Budapest,George Ezra,https://www.youtube.com/watch?v=NqEwn5sCxos,,,2020
Not Today,Imagine Dragons,https://www.youtube.com/watch?v=Vru_aslySBI,,,2018
Eastside,benny blanco,https://www.youtube.com/watch?v=74qn0eJSjpA,,,2018
Lucid Dreams,Juice WRLD,https://www.youtube.com/watch?v=hHtv2XMZlKs,,,2018
Secrets,OneRepublic,https://www.youtube.com/watch?v=kTWh2P9N6sA,,,2019
Lovers on the Sun,David Guetta,https://www.youtube.com/watch?v=bjXW05PBG8Y,,,2017
I Need Your Love,Calvin Harris,https://www.youtube.com/watch?v=e3atZ1OXfHU,,,2022
Darkside,Alan Walker,https://www.youtube.com/watch?v=CXU7Xlf8wTI,,,2018
The Night That The Lights Went Out In NYC,The Ataris,https://www.youtube.com/watch?v=1ge1eMS9sig,,,2017
Routine,Alan Walker,https://www.youtube.com/watch?v=PI3QAcYhgdU,,,2016
Afterhours,TroyBoi,https://www.youtube.com/watch?v=wWcZJRXJz9w,,,2020
Happy Now,Kygo,https://www.youtube.com/watch?v=g57Pl1A6IZ4,,,2018
Raindrops Keep Falling on my Head,B.J. Thomas,https://www.youtube.com/watch?v=sySlY1XKlhM,,,2015
Thunderclouds,LSD,https://www.youtube.com/watch?v=bYh3g_fSbJc,,,2019
Call Out My Name,The Weeknd,https://www.youtube.com/watch?v=ZtEtKXhhtS4,,,2018
Taste The Feeling,Avicii,https://www.youtube.com/watch?v=Uoydp5GReFc,,,2018
Unsteady,X Ambassadors,https://www.youtube.com/watch?v=iHOHt6peCTA,,,2018
Vertigo,Release,https://www.youtube.com/watch?v=AvN6HZ53ey0,,,2018
Youngblood (Live),5 Seconds of Summer,https://www.youtube.com/watch?v=fdgXvXpHSIs,,,2018
Rewrite The Stars,James Arthur,https://www.youtube.com/watch?v=GtXvzJRuH9M,,,2018
Flares,NIVIRO,https://www.youtube.com/watch?v=1lM1j3JwLcw,,,2018
Dreamer,Martin Garrix,https://www.youtube.com/watch?v=eRJA5nMXirE,,,2018
Cheap Thrills,Sia,https://www.youtube.com/watch?v=AUfALRGInd4,,,2017
Fast Car,Jonas Blue,https://www.youtube.com/watch?v=4GHcE0OZuNo,,,2018
Sugar,Maroon 5,https://www.youtube.com/watch?v=961yvdvtLqU,,,2022
Arms Around You,XXXTENTACION,https://www.youtube.com/watch?v=4LJJNt2Rkgw,,,2018
Keep It Mello ,Marshmello,https://www.youtube.com/watch?v=Sri_UIBp4Qs,,,2018
Am I Wrong,Nico & Vinz,https://www.youtube.com/watch?v=OLlh4fkXu5M,,,2017
R.I.P. 2 My Youth,The Neighbourhood,https://www.youtube.com/watch?v=K9AAD-3Xpds,,,2017
Jeet,Ritviz,https://www.youtube.com/watch?v=mkqZpEvD4KE,,,2021
Sunflower,Post Malone,https://www.youtube.com/watch?v=r7Rn4ryE_w8,,,2018
Savannah,Diviners,https://www.youtube.com/watch?v=p7EMW0GK7NE,,,2016
Drown,Kovic,https://www.youtube.com/watch?v=PjKfloSky9Q,,,2018
Ritual,Wrabel,https://www.youtube.com/watch?v=NZmJoo5-MQo,,,2017
Forever,Martin Garrix,https://www.youtube.com/watch?v=fSQ85nHRXw8,,,2017
Everything I Need,Skylar Grey,https://www.youtube.com/watch?v=9wjHXqf46aM,,,2019
Something For Your M.I.N.D.,Superorganism,https://www.youtube.com/watch?v=zx5hAeDfplw,,,2018
Stay With Me,Akcent,https://www.youtube.com/watch?v=IaOqyrOmuaI,,,2020
Girls Like You,Maroon 5,https://www.youtube.com/watch?v=D2mlCmROm2M,,,2018
Here for You,Kygo,https://www.youtube.com/watch?v=_MZoiKnLj3U,,,2015
One Thing,One Direction,https://www.youtube.com/watch?v=mpdIaUzG1RQ,,,2017
Dilnawaz,The Local Train,https://www.youtube.com/watch?v=bwSR5uFWNMw,,,2018
Aaftaab,The Local Train,https://www.youtube.com/watch?v=vloAengVG7E,,,2017
Mere Yaar,The Local Train,https://www.youtube.com/watch?v=yuiUwsBm76I,,,2018
A Different Way,DJ Snake,https://www.youtube.com/watch?v=H8cce0_kPg0,,,2020
Anginnat Sapney,Vaibhav Bundhoo,https://www.youtube.com/watch?v=X97W0-iVbfY,,,2017
Tune Kaha,Prateek Kuhad,https://www.youtube.com/watch?v=cMOPAD7KrbM,,,2016
Daak Ticket,Mohit Chauhan,https://www.youtube.com/watch?v=pbiqOCpVftM,,,2015
Brooklyn Baby,Lana Del Rey,https://www.youtube.com/watch?v=ntZONYzAMCo,,,2018
Emptiness,Slushii,https://www.youtube.com/watch?v=c6aSTjpe2h4,,,2020
Fireflies,Owl City,https://www.youtube.com/watch?v=KWLGyeg74es,,,2018
The Bird And The Worm,Owl City,https://www.youtube.com/watch?v=3maI_YJJQbI,,,2018
Sun Is Shining,Axwell,https://www.youtube.com/watch?v=7e-A7y9WesI,,,2018
Tu Hi Mera,Shafaqat Amanat Ali,https://www.youtube.com/watch?v=LrGbCkI8hOg,,,2014
Jee Le Zaraa,Vishal Dadlani,https://www.youtube.com/watch?v=Nzm7bdT8x_g,,,2014
Kahin To,Vasundhara Das,https://www.youtube.com/watch?v=HWpZ_rOe_f0,,,2015
Carry On,Kygo,https://www.youtube.com/watch?v=IPLSS0bnsEU,,,2019
I Still Recall,Slushii,https://www.youtube.com/watch?v=2RuCe9RpAg0,,,2017
Fursat,Arjun Kanungo,https://www.youtube.com/watch?v=dSzMdViHbSk,,,2017
Aaya Na Tu,Arjun Kanungo,https://www.youtube.com/watch?v=AjQzgbVYUjw,,,2018
Pakeezah,Gulraj Singh,https://www.youtube.com/watch?v=CGLofayJvLQ,,,2015
No Sleep (feat. Bonn),Martin Garrix,https://www.youtube.com/watch?v=06rgaTpTji0,,,2019
Har Kisi Ko,Nikhil D'Souza,https://www.youtube.com/watch?v=UzpDski-XTE,,,2015
"Shukran Allah (From ""Kurbaan"")",Salim Sulaiman,https://www.youtube.com/watch?v=vbW_zqQVZE0,,,2018
Aye Khuda,Salim Merchant,https://www.youtube.com/watch?v=qO4qS1U6gbc,,,2017
Hale Dil,Harshit Saxena,https://www.youtube.com/watch?v=BLNHOgy_HCI,,,2014
Marry You (Cover of Bruno Mars),Glee Cast,https://www.youtube.com/watch?v=1ihcvjZ5HMQ,,,2017
Work from Home,Fifth Harmony,https://www.youtube.com/watch?v=c5l4CGQozWY,,,2016
Memories (Episode 05),Nucleya,https://www.youtube.com/watch?v=60MevGHS2Wo,,,2016
Titanium (feat. Sia),David Guetta,https://www.youtube.com/watch?v=7ErChO0PTbA,,,2021
They Ran Away,Vaibhav Bundhoo,https://www.youtube.com/watch?v=WpG6YLTiE7E,,,2019
Starboy,The Weeknd,https://www.youtube.com/watch?v=plnfIj7dkJE,,,2018
PHIR KABHI,Arijit Singh,https://www.youtube.com/watch?v=HwJsSAT6wBg,,,2017
Morni Banke,Guru Randhawa,https://www.youtube.com/watch?v=mDeToJRzm7o,,,2018
KHALI SALAM DUA,Mohit Chauhan,https://www.youtube.com/watch?v=GdLHO0X24eI,,,2015
Boys In The Street,Seeb,https://www.youtube.com/watch?v=X3zEezKN_eY,,,2018
ME! (feat. Brendon Urie of Panic! At The Disco),Taylor Swift,https://www.youtube.com/watch?v=M3G1Y7VL200,,,2019
Main Bola Hey!,Karthik Rao,https://www.youtube.com/watch?v=a2yxlk6ltMc,,,2019
Zavaan Afeemi,Sudipta Sekhar Malakar,https://www.youtube.com/watch?v=rmgXxsFY9GA,,,2022
If I Lose Myself,OneRepublic,https://www.youtube.com/watch?v=KdZ5-vrAH6Q,,,2018
Toura Toura (The Nav Deep Remix),DJ Cheb I Sabbah,https://www.youtube.com/watch?v=csL8eJOYaxw,,,2017
L'hiver Indien,Gael Faye,https://www.youtube.com/watch?v=pcJnWZ69yqE,,,2019
I Knew You Were Trouble.,Taylor Swift,https://www.youtube.com/watch?v=VmBoTeLsKfs,,,2018
Didi,Khaled,https://www.youtube.com/watch?v=0wKDpjXcIUE,,,2015
What Is Love (feat. Camishe),Max Oazo,https://www.youtube.com/watch?v=sefqTmVyyB8,,,2018
Dancing In The Moonlight,King Harvest,https://www.youtube.com/watch?v=yNtMAkS1NHI,,,2018
Bad Liar,Imagine Dragons,https://www.youtube.com/watch?v=I203G1sMGDg,,,2018
She Will Be Loved (Radio Mix),Maroon 5,https://www.youtube.com/watch?v=yfd_d0m46q0,,,2018
SeÃ±orita,Shawn Mendes,https://www.youtube.com/watch?v=VKC_hzJ3jzg,,,2019
Papercut,Zedd,https://www.youtube.com/watch?v=q6--xv2c3Dw,,,2018
Burn,Ellie Goulding,https://www.youtube.com/watch?v=lFX_15NRpmw,,,2018
Who Let The Dogs Out,Baha Men,https://www.youtube.com/watch?v=KYgK97aioNA,,,2017
Giant,Calvin Harris,https://www.youtube.com/watch?v=E55WQGiVKko,,,2019
[Everything I Do] I Do It For You,Bryan Adams,https://www.youtube.com/watch?v=7u-L243mzfI,,,2018
Stay Here Tonight,Enrique Iglesias,https://www.youtube.com/watch?v=n2rWU6BbHsI,,,2018
RAAT BHAR,Arijit Singh,https://www.youtube.com/watch?v=VrIf8Rxssgc,,,2017
"Mukhtasar (From ""Teri Meri Kahaani"")",Wajid Ali,https://www.youtube.com/watch?v=_2CpD4ND9xk,,,2021
Perfect Ending,Vaibhav Bundhoo,https://www.youtube.com/watch?v=62JKQbZpMVU,,,2019
Ain't No Sunshine,Bill Withers,https://www.youtube.com/watch?v=8jjbhrR15Y8,,,2017
Sage,Ritviz,https://www.youtube.com/watch?v=bFp0sX1lswk,,,2021
What Do You Mean?,Justin Bieber,https://www.youtube.com/watch?v=DcDbKDAb7go,,,2018
Fuego,DJ Snake,https://www.youtube.com/watch?v=FuC50pYSUpc,,,2019
Save Yourself,Vanic,https://www.youtube.com/watch?v=_9Qrbd1ux54,,,2019
Malibu,Miley Cyrus,https://www.youtube.com/watch?v=_8FmUlp9rm4,,,2017
"fuck, iâ€™m lonely",Lauv,https://www.youtube.com/watch?v=FU3IoY4OS34,,,2020
Good Things Fall Apart,ILLENIUM,https://www.youtube.com/watch?v=xGvGns3wp_I,,,2019
Sweet Liar,Mia Vaile,https://www.youtube.com/watch?v=4t9mrN9rzRs,,,2019
Don't Let Me Down,The Chainsmokers,https://www.youtube.com/watch?v=CpTr4USXjQw,,,2017
Tired,Alan Walker,https://www.youtube.com/watch?v=9DyTU26FQlk,,,2017
Ik Mulaqaat,Meet Bros.,https://www.youtube.com/watch?v=jLHyFkCKEzg,,,2019
Mere Rashke Qamar,Nusrat Fateh Ali Khan,https://www.youtube.com/watch?v=N1hRTwBziwc,,,2017
River,Eminem,https://www.youtube.com/watch?v=HwufgZIXPTY,,,2022
Rasta Jahaan Le Chale,Papon,https://www.youtube.com/watch?v=c6riJnK_AVs,,,2019
Sham,Amit Trivedi,https://www.youtube.com/watch?v=VOFm2oB8t98,,,2015
Sajde,Arijit Singh,https://www.youtube.com/watch?v=hLvjMLNjahQ,,,2019
Memories,Maroon 5,https://www.youtube.com/watch?v=lNilb-EaTOU,,,2021
Nakhriley,Shankar Mahadevan,https://www.youtube.com/watch?v=ZNPVYd5OD7Q,,,2019
Baatein Kuch Ankahee,Adnan Sami,https://www.youtube.com/watch?v=9zk5Lu2n4o4,,,2014
Pyaasi,Swarathma,https://www.youtube.com/watch?v=AXL_Eivw2ZY,,,2014
O Bekhabar,Shreya Ghoshal,https://www.youtube.com/watch?v=1wEtmB3z_yc,,,2011
Night Changes,One Direction,https://www.youtube.com/watch?v=8BiLurrzFRw,,,2015
Bohemian Rhapsody,Queen,https://www.youtube.com/watch?v=bSnlKl_PoQU,,,2018
Pyar Hamen Kis Mod Pe,Kishore Kumar,https://www.youtube.com/watch?v=0mXqRqASqhY,,,2018
Ajnabee,Bhuvan Bam,https://www.youtube.com/watch?v=W_Twy_1hPvg,,,2020
Teri Meri Kahani,Bhuvan Bam,https://www.youtube.com/watch?v=55ETPyNEgY0,,,2016
It's Not This,Bearson,https://www.youtube.com/watch?v=e_nbW2fX_9A,,,2018
Ritual,Tiesto,https://www.youtube.com/watch?v=nmlzCmic34Y,,,2020
Dil Chahta Hai,Shankar Mahadevan,https://www.youtube.com/watch?v=KayWQCbGirU,,,2015
"Naah Goriye (From ""Bala"")",B Praak,https://www.youtube.com/watch?v=sScWpdG7DK8,,,2019
Dil Beparvah,Ankur Tewari,https://www.youtube.com/watch?v=2N8_XDPW67Q,,,2017
Tum Se Hi,Mohit Chauhan,https://www.youtube.com/watch?v=W2ZGfhSk35E,,,2010
Kabira,Tochi Raina,https://www.youtube.com/watch?v=MZkrcUzJANQ,,,2020
Blank Space/Stand By Me ,Imagine Dragons,https://www.youtube.com/watch?v=W49DFlBfass,,,2021
Promises,Calvin Harris,https://www.youtube.com/watch?v=X8JH6npiSC4,,,2018
Genius,LSD,https://www.youtube.com/watch?v=HCv86jWOsKc,,,2018
Old School,Urban Cone,https://www.youtube.com/watch?v=-jH-4oYS2h8,,,2018
Radioactive,Imagine Dragons,https://www.youtube.com/watch?v=R_BO8C05XLA,,,2018
SOS,Avicii,https://www.youtube.com/watch?v=CgiPuXwhhfY,,,2019
So Good,Stroke 9,https://www.youtube.com/watch?v=DRxGnfPqNo4,,,2020
Stan,Eminem,https://www.youtube.com/watch?v=HIqQ0PfuPo8,,,2018
Saibo,Sachin-Jigar,https://www.youtube.com/watch?v=JeiZTnRfrbM,,,2017
AGAR TUM SAATH HO,Arijit Singh,https://www.youtube.com/watch?v=FOA9iyxsW_A,,,2017
Pani Da Rang,Ayushmann Khurrana,https://www.youtube.com/watch?v=MVwf8EmGv8A,,,2021
Subhanallah,Sriram Chandra,https://www.youtube.com/watch?v=37JjGXBPIOM,,,2018
Jiyein Kyun,Papon,https://www.youtube.com/watch?v=szdRoROQy_c,,,2014
Mama Said,Lukas Graham,https://www.youtube.com/watch?v=p-014jHwYP4,,,2017
Summer Of '69 ,Bryan Adams,https://www.youtube.com/watch?v=QwvAtDybMJc,,,2018
Socha Na Tha,Shilpa Surroch,https://www.youtube.com/watch?v=7Wdor1bLPuc,,,2019
Everybody Knows,Sigrid,https://www.youtube.com/watch?v=iwGEX183sMk,,,2019
Sunshine Day,Osibisa,https://www.youtube.com/watch?v=pJ3rKjQpIVg,,,2021
Jamaica Farewell,Harry Belafonte,https://www.youtube.com/watch?v=aajSxr8nghE,,,2015
DUS BAHANE,Vishal - Shekhar,https://www.youtube.com/watch?v=AWhd6xrLtHM,,,2017
Astronomia,Vicetone,https://www.youtube.com/watch?v=A5wBk9946Ew,,,2017
Udd Gaye,Ritviz,https://www.youtube.com/watch?v=3jDQKquMXP4,,,2021
Liggi,Ritviz,https://www.youtube.com/watch?v=IBdBBpihZes,,,2021
Chalo Chalein,Ritviz,https://www.youtube.com/watch?v=eWUPrg3ECdc,,,2021
I Don't Care,Ed Sheeran,https://www.youtube.com/watch?v=7hDam9i-Aps,,,2019
PICK ME UP,Utkarsh Gupta,https://www.youtube.com/watch?v=p0DVP7YpSRM,,,2017
Ye Kya Hua Humain ,Vaibhav Bundhoo,https://www.youtube.com/watch?v=edT3EwBf5o8,,,2021
Hoth Rasiley,Anand Raj Anand,https://www.youtube.com/watch?v=cwmiq9Hk-Zo,,,2021
Billo Rani,Daler Mehndi,https://www.youtube.com/watch?v=aR-gfKozGyQ,,,2018
"Beedi (From ""Omkara"")",Sunidhi Chauhan,https://www.youtube.com/watch?v=Jnq_FONsBrs,,,2021
Kajra Re,Alisha Chinai,https://www.youtube.com/watch?v=9HzMR9abGAI,,,2019
Main Deewana,Ganesh Hegde,https://www.youtube.com/watch?v=bvJbwZ5PS8Q,,,2014
Yaara Teri Remix ,Darshan Raval,https://www.youtube.com/watch?v=uip5y51uRTY,,,2020
Locked Away,R-City,https://www.youtube.com/watch?v=4kfnDOlwJ8w,,,2020
For Aisha,MEMBA,https://www.youtube.com/watch?v=H8-yZ6kVLog,,,2019
Hoor,Atif Aslam,https://www.youtube.com/watch?v=kBP3QFMUTnY,,,2018
Teri Jhuki Nazar,Shafqat Amanat Ali,https://www.youtube.com/watch?v=yiJ5k2vBtlw,,,2014
Electric Love,Borns,https://www.youtube.com/watch?v=1T6r0OttdN0,,,2018
The Night We Met,Lord Huron,https://www.youtube.com/watch?v=fhLXgehFprw,,,2018
Freedom,Kygo,https://www.youtube.com/watch?v=Dakc03D0mRw,,,2020
Heal the World,Michael Jackson,https://www.youtube.com/watch?v=cyCMuCFCkdk,,,2015
We Are Young ,Fun.,https://www.youtube.com/watch?v=f_K_0SNaRk0,,,2017
Bombay Dreams (feat. Kavita Seth),KSHMR,https://www.youtube.com/watch?v=S4IUz0vM4G4,,,2019
My Heart Is Open,Maroon 5,https://www.youtube.com/watch?v=ku43Ue_Wv-U,,,2018
Play Date,Melanie Martinez,https://www.youtube.com/watch?v=tp8WZuJZh8o,,,2017
Bruk It Down (feat. TxTHEWAY),KSHMR,https://www.youtube.com/watch?v=1zzIR3-ljrA,,,2020
Where Is The Love?,The Black Eyed Peas,https://www.youtube.com/watch?v=fRY7qb4TnFA,,,2018
Love Stoned,Release,https://www.youtube.com/watch?v=JOuTsqrt52U,,,2020
Departure,Egzod,https://www.youtube.com/watch?v=0axExdh5GQc,,,2018
To Brazil!,Vengaboys,https://www.youtube.com/watch?v=ZxJkqYkne9Q,,,2020
Bolo Ta Ra Ra,Daler Mehndi,https://www.youtube.com/watch?v=JZgLUEGZp1s,,,2017
Tunak Tunak Tun,Daler Mehndi,https://www.youtube.com/watch?v=_T_MOxNGsks,,,2015
Zor Ka Jhatka,Daler Mehndi,https://www.youtube.com/watch?v=qcucgNV7Cmc,,,2011
Ho Jayegi Balle Balle,Daler Mehndi,https://www.youtube.com/watch?v=ZyhZf1qA-A0,,,2017
Till I Collapse,Eminem,https://www.youtube.com/watch?v=Obim8BYGnOE,,,2018
Lose Yourself,Eminem,https://www.youtube.com/watch?v=Wj7lL6eDOqc,,,2018
Lose Somebody,Kygo,https://www.youtube.com/watch?v=FW0QrmwXBaI,,,2020
Audio,LSD,https://www.youtube.com/watch?v=4mUPy84mdb0,,,2018
Pal Wahi Hai,Karthik Rao,https://www.youtube.com/watch?v=8yy3_8O4gyE,,,2019
Could You Love Me,Kygo,https://www.youtube.com/watch?v=Ndx2AeGxxrM,,,2020
Kasoor,Prateek Kuhad,https://www.youtube.com/watch?v=iAQcOfKO8CM,,,2020
Mi Gente,J Balvin,https://www.youtube.com/watch?v=3jykojMVxQI,,,2018
Mere Liye Tum Kaafi Ho,Aayushman Khurana,https://www.youtube.com/watch?v=_ybTzGoNRjw,,,2020
Not Afraid,Eminem,https://www.youtube.com/watch?v=oPJrq4Vxub4,,,2020
Superman,Eminem,https://www.youtube.com/watch?v=K_8yRH2KPVo,,,2018
Dil Mangdi,Mani Sidhu,https://www.youtube.com/watch?v=ClMZqihez_U,,,2022
Wake Me Up,Avicii,https://www.youtube.com/watch?v=2NiyrtYegso,,,2021
Under Pressure,Queen,https://www.youtube.com/watch?v=MkQK83Tf9so,,,2018
Forever,Chris Brown,https://www.youtube.com/watch?v=puFDYADwRyo,,,2020
Rude,MAGIC!,https://www.youtube.com/watch?v=3WzamI8QD2s,,,2017
Sanam Mere Sanam,Amit Kumar,https://www.youtube.com/watch?v=5bT_wITRcvw,,,2014
Starboy,The Weeknd,https://www.youtube.com/watch?v=plnfIj7dkJE,,,2018
You & Me,Marshmello,https://www.youtube.com/watch?v=SK01zcoX-XY,,,2017
Abhi Abhi,Kay Kay,https://www.youtube.com/watch?v=ZNSEQXAfzXI,,,2014
All Rise,Blue,https://www.youtube.com/watch?v=tvIn3xTNO9Y,,,2017
I Want It That Way,Backstreet Boys,https://www.youtube.com/watch?v=LwkrXybZ1uo,,,2017
Guncha,Mohit Chauhan,https://www.youtube.com/watch?v=zeO7kRvbzJg,,,2018
Let's Get It On,Marvin Gaye,https://www.youtube.com/watch?v=FnzUKC2tdjA,,,2018
Right Here Waiting,Richard Marx,https://www.youtube.com/watch?v=lADMS_rRuLc,,,2021
Every Breath You Take,The Police,https://www.youtube.com/watch?v=-SaUrDhp034,,,2019
Habit (Blood Cultures Remix),Cool Company,https://www.youtube.com/watch?v=4TEtsOQKWfM,,,2020
Tiny Dancer (Remastered),Elton John,https://www.youtube.com/watch?v=65CNtap6bow,,,2018
Comin' Home Baby,Mel Torme,https://www.youtube.com/watch?v=WBugBEWVnpA,,,2017
What Do You Love,Seeb,https://www.youtube.com/watch?v=IoaXqCPx_c4,,,2018
Heatwave (feat. Akon),Robin Schulz,https://www.youtube.com/watch?v=E-D4l-rGjLs,,,2017
Grip,Seeb,https://www.youtube.com/watch?v=ngdn4BmYO5o,,,2018
The Gambler,Kenny Rogers,https://www.youtube.com/watch?v=w4RvskuFnPY,,,2017
Something Stupid,Lola Marsh,https://www.youtube.com/watch?v=F8dKVbP1Nzo,,,2018
Kaise Hua,Vishal Mishra,https://www.youtube.com/watch?v=WKv07mnKVEE,,,2019
Night Nurse,Gregory Isaacs,https://www.youtube.com/watch?v=X7h3iUhTPZM,,,2018
Tu Ru Tu Ru Tu,Monail Thakur,https://www.youtube.com/watch?v=4sqxhngQ02Q,,,2015
Roz Roz,The Yellow Diary,https://www.youtube.com/watch?v=G8a1lz10H-Q,,,2021
ROCK ON!!,Farhan Akhtar,https://www.youtube.com/watch?v=2xGXDHeVaak,,,2015
Mr Blue (Radio Mix),Catherine Feeny,https://www.youtube.com/watch?v=djTc29pC1nQ,,,2014
Sweet Child O' Mine,Guns N' Roses,https://www.youtube.com/watch?v=oMfMUfgjiLg,,,2018
Aisay Kaisay,Hasan Raheem,https://www.youtube.com/watch?v=3pypDzth5ko,,,2020
Radioactive,Imagine Dragons,https://www.youtube.com/watch?v=tVdJLqFZ1xc,,,2018
Tu Behja,Shruti Pathak,https://www.youtube.com/watch?v=1FLoTVTY5wk,,,2025
Somewhere Only We Know,Keane,https://www.youtube.com/watch?v=0LuignGmX_0,,,2018
Hello,Martin Solveig,https://www.youtube.com/watch?v=4MKpUqLz82I,,,2023
